[{"document_tone": {"tones": [{"score": 0.657422, "tone_id": "sadness", "tone_name": "Sadness"}, {"score": 0.644079, "tone_id": "anger", "tone_name": "Anger"}, {"score": 0.616216, "tone_id": "tentative", "tone_name": "Tentative"}]}, "sentences_tone": [{"sentence_id": 0, "text": "i hate my life since i was born.", "tones": [{"score": 0.749856, "tone_id": "anger", "tone_name": "Anger"}]}, {"sentence_id": 1, "text": "Every day I wake up I just do not want to go to school.", "tones": [{"score": 0.575222, "tone_id": "sadness", "tone_name": "Sadness"}]}, {"sentence_id": 2, "text": "They call my fat and stupid.", "tones": [{"score": 0.718971, "tone_id": "anger", "tone_name": "Anger"}]}, {"sentence_id": 3, "text": "my boyfriends just dumped.", "tones": [{"score": 0.664859, "tone_id": "sadness", "tone_name": "Sadness"}, {"score": 0.984352, "tone_id": "tentative", "tone_name": "Tentative"}]}, {"sentence_id": 4, "text": "my best friend hates me.", "tones": []}, {"sentence_id": 5, "text": "im so sad imma go jump off  cliff adios.", "tones": [{"score": 0.816985, "tone_id": "sadness", "tone_name": "Sadness"}]}, {"sentence_id": 6, "text": "unless i cut my wrists first.", "tones": [{"score": 0.620279, "tone_id": "analytical", "tone_name": "Analytical"}]}]},
{"document_tone": {"tones": [{"score": 0.657422, "tone_id": "sadness", "tone_name": "Sadness"}, {"score": 0.644079, "tone_id": "anger", "tone_name": "Anger"}, {"score": 0.616216, "tone_id": "tentative", "tone_name": "Tentative"}]}, "sentences_tone": [{"sentence_id": 0, "text": "i hate my life since i was born.", "tones": [{"score": 0.749856, "tone_id": "anger", "tone_name": "Anger"}]}, {"sentence_id": 1, "text": "Every day I wake up I just do not want to go to school.", "tones": [{"score": 0.575222, "tone_id": "sadness", "tone_name": "Sadness"}]}, {"sentence_id": 2, "text": "They call my fat and stupid.", "tones": [{"score": 0.718971, "tone_id": "anger", "tone_name": "Anger"}]}, {"sentence_id": 3, "text": "my boyfriends just dumped.", "tones": [{"score": 0.664859, "tone_id": "sadness", "tone_name": "Sadness"}, {"score": 0.984352, "tone_id": "tentative", "tone_name": "Tentative"}]}, {"sentence_id": 4, "text": "my best friend hates me.", "tones": []}, {"sentence_id": 5, "text": "im so sad imma go jump off  cliff adios.", "tones": [{"score": 0.816985, "tone_id": "sadness", "tone_name": "Sadness"}]}, {"sentence_id": 6, "text": "unless i cut my wrists first.", "tones": [{"score": 0.620279, "tone_id": "analytical", "tone_name": "Analytical"}]}]},
{"document_tone": {"tones": [{"score": 0.657422, "tone_id": "sadness", "tone_name": "Sadness"}, {"score": 0.644079, "tone_id": "anger", "tone_name": "Anger"}, {"score": 0.616216, "tone_id": "tentative", "tone_name": "Tentative"}]}, "sentences_tone": [{"sentence_id": 0, "text": "i hate my life since i was born.", "tones": [{"score": 0.749856, "tone_id": "anger", "tone_name": "Anger"}]}, {"sentence_id": 1, "text": "Every day I wake up I just do not want to go to school.", "tones": [{"score": 0.575222, "tone_id": "sadness", "tone_name": "Sadness"}]}, {"sentence_id": 2, "text": "They call my fat and stupid.", "tones": [{"score": 0.718971, "tone_id": "anger", "tone_name": "Anger"}]}, {"sentence_id": 3, "text": "my boyfriends just dumped.", "tones": [{"score": 0.664859, "tone_id": "sadness", "tone_name": "Sadness"}, {"score": 0.984352, "tone_id": "tentative", "tone_name": "Tentative"}]}, {"sentence_id": 4, "text": "my best friend hates me.", "tones": []}, {"sentence_id": 5, "text": "im so sad imma go jump off  cliff adios.", "tones": [{"score": 0.816985, "tone_id": "sadness", "tone_name": "Sadness"}]}, {"sentence_id": 6, "text": "unless i cut my wrists first.", "tones": [{"score": 0.620279, "tone_id": "analytical", "tone_name": "Analytical"}]}]},
{"document_tone": {"tones": [{"score": 0.644079, "tone_id": "anger", "tone_name": "Anger"}, {"score": 0.657422, "tone_id": "sadness", "tone_name": "Sadness"}, {"score": 0.616216, "tone_id": "tentative", "tone_name": "Tentative"}]}, "sentences_tone": [{"sentence_id": 0, "text": "i hate my life since i was born.", "tones": [{"score": 0.749856, "tone_id": "anger", "tone_name": "Anger"}]}, {"sentence_id": 1, "text": "Every day I wake up I just do not want to go to school.", "tones": [{"score": 0.575222, "tone_id": "sadness", "tone_name": "Sadness"}]}, {"sentence_id": 2, "text": "They call my fat and stupid.", "tones": [{"score": 0.718971, "tone_id": "anger", "tone_name": "Anger"}]}, {"sentence_id": 3, "text": "my boyfriends just dumped.", "tones": [{"score": 0.664859, "tone_id": "sadness", "tone_name": "Sadness"}, {"score": 0.984352, "tone_id": "tentative", "tone_name": "Tentative"}]}, {"sentence_id": 4, "text": "my best friend hates me.", "tones": []}, {"sentence_id": 5, "text": "im so sad imma go jump off  cliff adios.", "tones": [{"score": 0.816985, "tone_id": "sadness", "tone_name": "Sadness"}]}, {"sentence_id": 6, "text": "unless i cut my wrists first.", "tones": [{"score": 0.620279, "tone_id": "analytical", "tone_name": "Analytical"}]}]},
{"document_tone": {"tones": [{"score": 0.644079, "tone_id": "anger", "tone_name": "Anger"}, {"score": 0.657422, "tone_id": "sadness", "tone_name": "Sadness"}, {"score": 0.616216, "tone_id": "tentative", "tone_name": "Tentative"}]}, "sentences_tone": [{"sentence_id": 0, "text": "i hate my life since i was born.", "tones": [{"score": 0.749856, "tone_id": "anger", "tone_name": "Anger"}]}, {"sentence_id": 1, "text": "Every day I wake up I just do not want to go to school.", "tones": [{"score": 0.575222, "tone_id": "sadness", "tone_name": "Sadness"}]}, {"sentence_id": 2, "text": "They call my fat and stupid.", "tones": [{"score": 0.718971, "tone_id": "anger", "tone_name": "Anger"}]}, {"sentence_id": 3, "text": "my boyfriends just dumped.", "tones": [{"score": 0.664859, "tone_id": "sadness", "tone_name": "Sadness"}, {"score": 0.984352, "tone_id": "tentative", "tone_name": "Tentative"}]}, {"sentence_id": 4, "text": "my best friend hates me.", "tones": []}, {"sentence_id": 5, "text": "im so sad imma go jump off  cliff adios.", "tones": [{"score": 0.816985, "tone_id": "sadness", "tone_name": "Sadness"}]}, {"sentence_id": 6, "text": "unless i cut my wrists first.", "tones": [{"score": 0.620279, "tone_id": "analytical", "tone_name": "Analytical"}]}]}]